id,isdeleted,masterrecordid,name,type,recordtypeid,parentid,billingstreet,billingcity,billingstate,billingpostalcode,billingcountry,billinglatitude,billinglongitude,billinggeocodeaccuracy,billingaddress,shippingstreet,shippingcity,shippingstate,shippingpostalcode,shippingcountry,shippinglatitude,shippinglongitude,shippinggeocodeaccuracy,shippingaddress,phone,website,photourl,industry,numberofemployees,ownership,description,ownerid,createddate,createdbyid,lastmodifieddate,lastmodifiedbyid,systemmodstamp,lastactivitydate,lastvieweddate,lastreferenceddate,jigsawcompanyid,sort_id,fax,accountnumber,sic,annualrevenue,tickersymbol,rating,site,jigsaw,accountsource,sicdesc,ispartner,iscustomerportal,channelprogramname,channelprogramlevelname,deal_team__c,mds__c,year_of_financials__c,sub_sector__c,profession__c,lender_security_type__c,check_size_min__c,project__c,company_power_of_1__c,ss_country__c,third_party_company_type__c,third_party_firm_specialization__c,third_party_firm_expertise__c,prefered_provider_status__c,third_party_typical_engagement_type__c,sourcing_lead_name__c,total_third_party_spend__c,avg_value_of_engagement__c,third_party_network_tag__c,lp__c,ss_3mo_growth_rate__c,quality_of_output_score__c,ss_6mo_growth_rate__c,likelihood_to_recommend_to_a_colleague__c,engagement_price__c,third_party_projects_completed__c,vct_owner__c,of_primary_financials__c,lid__linkedin_company_id__c,check_size_max__c,estimated_of_employees__c,industry_overlap__c,sector__c,avg__c,estimated_revenue__c,domain__c,arr_multiple_range__c,pricing__c,ebitda_min_max__c,estimated_percentage_of_growth__c,estimated_ebitda__c,short_description__c,loan_to_value__c,debt_to_equity__c,okay_with_llr_as_minority__c,midlevels__c,of_primary_opportunities__c,opportunity_stage__c,acct_count__c,number_of_qualify_verify_opps__c,position_to_term_sheet_opp_count__c,annual_sell_side__c,engagement_model__c,intermediary_marketing_tier__c,relationship_status__c,relationship_status_color__c,relationship_commentary__c,average_diligence_price__c,ss_9mo_growth_rate__c,ss_12mo_growth_rate__c,of_estimate_financials__c,primary_opportunity__c,of__c,temp_max_est_fin__c,lender_type__c,lender_marketing_tier__c,temp_max_primary_est_fin__c,ss_investors__c,locations__c,temp_max_est_fin_compare__c,of_opportunities__c,of_activities_associated__c,ss_employee_range__c,most_recent_employee_count_history__c,lead_priority__c,primary_opportunity_next_steps__c,tier__c,lead_score__c,moved_to_passed_account__c,primary_est_financial_year__c,primary_est_financial_comments__c,most_recent_engagement__c,most_recent_project__c,most_recent_project_amount__c,avg_likely_to_recommend__c,moved_to_6_indication_submitted__c,sps_sf_addon__city__c,ss_investors_short__c,update_flag_inverted__c,sps_sf_addon__company_description__c,sps_sf_addon__company_key__c,sps_sf_addon__company_name__c,sps_sf_addon__company_type_name__c,sps_sf_addon__country__c,sps_sf_addon__firm_flag_indicator__c,sps_sf_addon__firm_note_indicator__c,sps_sf_addon__harmonize_name__c,sps_sf_addon__institution_type__c,sps_sf_addon__is_de_linked__c,sps_sf_addon__note__c,sps_sf_addon__region__c,sps_sf_addon__sps_dealcount__c,sps_sf_addon__seen_count__c,sps_sf_addon__seen_percent__c,sps_sf_addon__shown_count__c,sps_sf_addon__state__c,sps_sf_addon__sync_datetime__c,sps_sf_addon__trim_harmonize_name__c,x18charid__c,company_review_date__c,ss_linkedin_url__c,ss_description__c,ss_website__c,ss_company_name__c,ss_year_founded__c,ss_city__c,ss_state__c,ss_phone__c,ss_employees__c,ss_postal_code__c,ss_sourcescrub_link__c,ss_ownership__c,ss_most_recent_date_of_investment__c,ss_most_recent_amount_received__c,ss_total_amount_invested__c,update_flag__c,opp_id_from_stage__c,survive_delete__c,job_openings__c,aum__c,ria_type__c,total_accounts__c,custodian_provider__c,avg_account_size__c,rh2__testcurrency__c,udujobs__c,primary_opp_sourcing_lead_user__c,extid__c,most_engaged_contact__c,engagment_level_at_8_scorecard__c,linkedin_url_to_text__c,sourcing_lead_user_change__c,influencer_coverage_lead__c,date_influencer_coverage_assigned__c,recommended_lead_score__c,model_fit__c,sps_sf_addon__text_harmonize_name__c,referral_source_firm_relationship_lead__c,feederfundload__c,pod__c,minimum__c,maximum_mm__c,fund_size_mm__c,most_recent_investor_s__c,most_recent_investors__c,m_1_rls__c,m_2_rls__c,retail_institutional__c,accounting_tax_practice__c,aum_in_millions__c,tactical_10__c,products_services__c,pod_company__c,leading_investors__c,participating_investors__c,status__c,most_recent_investor_1__c,most_recent_investor_2__c,rollup_mr_lead_inv__c,most_recent_leading_investors__c,most_recent_participating_investors__c,logo_url__c,cold_no_contact__c,rollup_mr_participating_inv__c,salesloft1__active_account__c,salesloft1__salesloft_domain__c,company_name_for_emails__c,bofc__bofc_acc_name__c,primary_opportunity_type__c,pitchbook_id__c,pitchbook_link__c,mandate_geo__c,transaction_types__c,fund_vintage__c,rounds_they_lead_in__c,rounds_they_invest_in__c,business_model__c,data_quality_score__c,data_quality_description__c,scale_of_company__c,revenue_model__c,relevant_pods__c,relevant_pods_other__c,stage_of_investment__c,scale_of_company_min__c,scale_of_company_max__c,fintrx_firm_crd_id__c,fintrx_url__c,fintrx_total_aum__c,fintrx_classification__c,fintrx_dataset__c,fintrx_x1_year_aum_growth__c,fintrx_x3_year_aum_growth__c,fintrx_x5_year_aum_growth__c,acquired_merged__c,keystone_recommended_lead_score__c,rls_delta__c,last_logged_activity__c,acquired_by_merged_with__c,company_source__c,source__c,estimated_arr__c
00157Q1WAHSCDPHCUN,false,,"Rare Earth Exploration, LLC",,,,,Garland,Texas,,United States,,,,,,,,,,,,,,(469) 480-3141,https://rareearthex.com,,,,,,,2022-07-19 00:00:00,,,,,,,,,,,,,,,,,,Website,,,,,,,,,,,,,,,,,,,,,,,,,,,,,,,,,,,,,,,,,rareearthex.com,,,,,,,,,,,,,,,,,,,,,,,,,,,,,,,,,,,,,,,,,,,,,,,,,,,,,,,,,,,,,,,,,,,,,,,,,,,,,https://rareearthex.com,"Rare Earth Exploration, LLC",2016,Garland,Texas,+14694803141,,,,,,,,,,,,,,,,,,,,,,,,,,,,,,,,,,,,,,,,,,,,,,,,,,,,,,,,,,,,,,PB675878,,,,,,,,,,,,,,,,,,,,,,,,,,,,,,,,
001R7G4RI0GA09H5ZJ,false,,Kenton Grant Consulting,,,,,Tulsa,Oklahoma,,United States,,,,,,,,,,,,,,+19188123774,https://www.kentongrantconsulting.com,,,,,,,2022-07-17 00:00:00,,,,,,,,,,,,,,,,,,,,,,,,,,,,,,,,,,,,,,,,,,,,,,,,,,,,,,,,,,,kentongrantconsulting.com,,,,,,,,,,,,,,,,,,,,,,,,,,,,,,,,,,,,,,,,,,,,,,,,,,,,,,,,,,,,,,,,,,,,,,,,,,,,,https://kentongrantconsulting.com,Kenton Grant Consulting,2014,Tulsa,Oklahoma,+19188123774,,,,,,,,,,,,,,,,,,,,,,,,,,,,,,,,,,,,,,,,,,,,,,,,,,,,,,,,,,,,,,,,,,,,,,,,,,,,,,,,,,,,,,,,,,,,,,
0012ABVJ564CCELZ4K,false,,"GUTHY-RENKER, LLC",,,,,El Segundo,California,,United States,,,,,,,,,,,,,,888-651-6602,https://guthy-renker.com,,,,,,,2022-09-11 00:00:00,,,,,,,,,,,,,,,,,,Referral,,,,,,,,,,,,,,,,,,,,,,,,,,,,,,,,,,,,,,,,,guthy-renker.com,,,,,,,,,,,,,,,,,,,,,,,,,,,,,,,,,,,,,,,,,,,,,,,,,,,,,,,,,,,,,,,,,,,,,,,,,,,,,https://guthy-renker.com,"Guthy-Renker, LLC",1988,El Segundo,California,888-651-6602,,,,,,,,,,,,,,,,,,,,,,,,,,,,,,,,,,,,,,,,,,,,,,,,,,,,,,,,,,,,,,PB990325,,,,,,,,,,,,,,,,,,,,,,,,,,,,,,,,
001R0ST0DTW00BXMZZ,false,,SOS TRUCK SERVICE,,,,,Ontario,California,,United States,,,,,,,,,,,,,,(888) 999-9767,,,,,,,,2022-02-16 00:00:00,,,,,,,,,,,,,,,,,,Referral,,,,,,,,,,,,,,,,,,,,,,,,,,,,,,,,,,,,,,,,,,,,,,,,,,,,,,,,,,,,,,,,,,,,,,,,,,,,,,,,,,,,,,,,,,,,,,,,,,,,,,,,,,,,,,,,,,,,,,,SOS TRUCK SERVICE,1967,Ontario,California,+18889999767,,,,,,,,,,,,,,,,,,,,,,,,,,,,,,,,,,,,,,,,,,,,,,,,,,,,,,,,,,,,,,,,,,,,,,,,,,,,,,,,,,,,,,,,,,,,,,
00186JM0HJK76GBGEK,false,,Nutrition Partners Inc.,,,,,Airdrie,Alberta,,Canada,,,,,,,,,,,,,,403-912-0735,https://nutritionpartners.ca,,,,,,,2022-01-10 00:00:00,,,,,,,,,,,,,,,,,,Referral,,,,,,,,,,,,,,,,,,,,,,,,,,,,,,,,,,,,,,,,,nutritionpartners.ca,,,,,,,,,,,,,,,,,,,,,,,,,,,,,,,,,,,,,,,,,,,,,,,,,,,,,,,,,,,,,,,,,,,,,,,,,,,,,https://nutritionpartners.ca,"Nutrition Partners, Inc.",2003,Airdrie,Alberta,+14039120735,,,,,,,,,,,,,,,,,,,,,,,,,,,,,,,,,,,,,,,,,,,,,,,,,,,,,,,,,,,,,,,,,,,,,,,,,,,,,,,,,,,,,,,,,,,,,,
001PMACI6O1GBDUEHH,false,,Lucent Path Advisors,,,,,Waupun,Wisconsin,,United States,,,,,,,,,,,,,,(932) 385-6729,https://lucentpathadvisors.com,,,,,,,2023-09-12 00:00:00,,,,,,,,,,,,,,,,,,SourceScrub,,,,,,,,,,,,,,,,,,,,,,,,,,,,,,,,,,,,,,,,,lucentpathadvisors.com,,,,,,,,,,,,,,,,,,,,,,,,,,,,,,,,,,,,,,,,,,,,,,,,,,,,,,,,,,,,,,,,,,,,,,,,,,,,,https://lucentpathadvisors.com,Lucent Path Advisors,2022,Waupun,Wisconsin,(932) 385-6729,,,,,,,,,,,,,,,,,,,,,,,,,,,,,,,,,,,,,,,,,,,,,,,,,,,,,,,,,,,,,,PB166712,,,,,,,,,,,,,,,,,,,,,,,,,,,,,,,,
001PKXWNZYNT46NO2I,false,,VyMaC Corp.,,,,,Fort Atkinson,Wisconsin,,United States,,,,,,,,,,,,,,+19205683131,https://connorfasteners.com,,,66,,,,2022-06-18 00:00:00,,,,,,,,,,,,,,,,,,Website,,,,,,,,,,,,,,,,,,,,,,,,,,,,,,,,,,,,,,,,,connorfasteners.com,,,,,,,,,,,,,,,,,,,,,,,,,,,,,,,,,,,,,,,,,,,,,,,,,,,,,,,,,,,,,,,,,,,,,,,,,,,,,https://vymac.com,VyMaC Corp.,1999,Fort Atkinson,Wisconsin,920-568-3131,,,,,,,,,,,,,,,,,,,,,,,,,,,,,,,,,,,,,,,,,,,,,,,,,,,,,,,,,,,,,,PB181846,,,,,,,,,,,,,,,,,,,,,,,,,,,,,,,,
001VOQ4CT939RX77RI,false,,Happy Period,,,,,Palmdale,California,,United States,,,,,,,,,,,,,,,https://hashtaghappyperiod.org,,,481,,,,2022-06-12 00:00:00,,,,,,,,,,,,,,,,,,Website,,,,,,,,,,,,,,,,,,,,,,,,,,,,,,,,,,,,,,,,,hashtaghappyperiod.org,,,,,,,,,,,,,,,,,,,,,,,,,,,,,,,,,,,,,,,,,,,,,,,,,,,,,,,,,,,,,,,,,,,,,,,,,,,,,https://hashtaghappyperiod.org,Happy Period,2015,Palmdale,California,,,,,,,,,,,,,,,,,,,,,,,,,,,,,,,,,,,,,,,,,,,,,,,,,,,,,,,,,,,,,,,,,,,,,,,,,,,,,,,,,,,,,,,,,,,,,,,
0013V3YWUAV4VOBP3C,false,,"COHESIONFORCE, INC. (CFI)",,,,,Huntsville,Alabama,,United States,,,,,,,,,,,,,,+12565620600,https://cohesionforce.com,,,301,,,,2022-02-18 00:00:00,,,,,,,,,,,,,,,,,,Referral,,,,,,,,,,,,,,,,,,,,,,,,,,,,,,,,,,,,,,,,,cohesionforce.com,,,,,,,,,,,,,,,,,,,,,,,,,,,,,,,,,,,,,,,,,,,,,,,,,,,,,,,,,,,,,,,,,,,,,,,,,,,,,https://cohesionforce.com,,1998,Huntsville,Alabama,+12565620600,,,,,,,,,,,,,,,,,,,,,,,,,,,,,,,,,,,,,,,,,,,,,,,,,,,,,,,,,,,,,,PB081369,,,,,,,,,,,,,,,,,,,,,,,,,,,,,,,,
0017RUE8OQQ4W74OJE,false,,Quarrystone Capital Partners,,,,,Cary,North Carolina,,United States,,,,,,,,,,,,,,(925) 354-2292,https://quarrystonecapital.com,,,,,,,2023-06-13 00:00:00,,,,,,,,,,,,,,,,,,Website,,,,,,,,,,,,,,,,,,,,,,,,,,,,,,,,,,,,,,,,,quarrystonecapital.com,,,,,,,,,,,,,,,,,,,,,,,,,,,,,,,,,,,,,,,,,,,,,,,,,,,,,,,,,,,,,,,,,,,,,,,,,,,,,https://quarrystonecapital.com,Quarrystone Capital Partners,1992,Cary,North Carolina,(925) 354-2292,,,,,,,,,,,,,,,,,,,,,,,,,,,,,,,,,,,,,,,,,,,,,,,,,,,,,,,,,,,,,,PB477919,,,,,,,,,,,,,,,,,,,,,,,,,,,,,,,,
001NF6AKQPMKUMYVPY,false,,Dorado Industries,,,,,Rancho Palos Verdes,California,,United States,,,,,,,,,,,,,,310-544-1316,,,,441,,,,2022-09-17 00:00:00,,,,,,,,,,,,,,,,,,,,,,,,,,,,,,,,,,,,,,,,,,,,,,,,,,,,,,,,,,,,,,,,,,,,,,,,,,,,,,,,,,,,,,,,,,,,,,,,,,,,,,,,,,,,,,,,,,,,,,,,,,,,,,,,,,,,,,,,,Dorado Industries,2006,Rancho Palos Verdes,California,+13105441316,,,,,,,,,,,,,,,,,,,,,,,,,,,,,,,,,,,,,,,,,,,,,,,,,,,,,,,,,,,,,,,,,,,,,,,,,,,,,,,,,,,,,,,,,,,,,,
001DJZDNBJ0DDLZ2UH,false,,PrecisionChem LLC,,,,,Waupun,Wisconsin,,United States,,,,,,,,,,,,,,+19203242007,https://precisionchemllc.com,,,431,,,,2022-09-17 00:00:00,,,,,,,,,,,,,,,,,,SourceScrub,,,,,,,,,,,,,,,,,,,,,,,,,,,,,,,,,,,,,,,,,precisionchemllc.com,,,,,,,,,,,,,,,,,,,,,,,,,,,,,,,,,,,,,,,,,,,,,,,,,,,,,,,,,,,,,,,,,,,,,,,,,,,,,,,,,,,,,,,,,,,,,,,,,,,,,,,,,,,,,,,,,,,,,,,,,,,,,,,,,,,,,,,,,,,,,,,,,,,,,,,,,,,,,,,,,,,,,,,,,,,,,,,,
001UAY5GCQ8NKM7WG3,false,,Helix Intelligence Group,,,,,San Francisco,California,,United States,,,,,,,,,,,,,,,https://www.centrum-ai.com,,,109,,,,2022-06-18 00:00:00,,,,,,,,,,,,,,,,,,Referral,,,,,,,,,,,,,,,,,,,,,,,,,,,,,,,,,,,,,,,,,centrum-ai.com,,,,,,,,,,,,,,,,,,,,,,,,,,,,,,,,,,,,,,,,,,,,,,,,,,,,,,,,,,,,,,,,,,,,,,,,,,,,,https://centrum-ai.com,Centrum-AI Inc.,2023,San Francisco,California,,,,,,,,,,,,,,,,,,,,,,,,,,,,,,,,,,,,,,,,,,,,,,,,,,,,,,,,,,,,,,,PB268195,,,,,,,,,,,,,,,,,,,,,,,,,,,,,,,,
001LWUOXI9XQPDCGZD,false,,OpenText Enterprise Apps Fund (OTEAF),,,,,Toronto,Ontario,,Canada,,,,,,,,,,,,,,416-306-3020,https://firstascenntures.com,,,,,,,2022-05-19 00:00:00,,,,,,,,,,,,,,,,,,SourceScrub,,,,,,,,,,,,,,,,,,,,,,,,,,,,,,,,,,,,,,,,,firstascenntures.com,,,,,,,,,,,,,,,,,,,,,,,,,,,,,,,,,,,,,,,,,,,,,,,,,,,,,,,,,,,,,,,,,,,,,,,,,,,,,,,,,,,,,,,,,,,,,,,,,,,,,,,,,,,,,,,,,,,,,,,,,,,,,,,,,,,,,,,,,,,,,,,,,,,,,,,,,,,,,,,,,,,,,,,,,,,,,,,,
0018HSSRRXQQM2PLPP,false,,"Burke Estate & Tax Law, LLC",,,,,Murfreesboro,Tennessee,,United States,,,,,,,,,,,,,,+16152171414,https://burketaxlaw.com,,,,,,,2022-07-14 00:00:00,,,,,,,,,,,,,,,,,,Website,,,,,,,,,,,,,,,,,,,,,,,,,,,,,,,,,,,,,,,,,www.burketaxlaw.com,,,,,,,,,,,,,,,,,,,,,,,,,,,,,,,,,,,,,,,,,,,,,,,,,,,,,,,,,,,,,,,,,,,,,,,,,,,,,https://burketaxlaw.com,"Burke Estate & Tax Law, LLC",2020,Murfreesboro,Tennessee,+16152171414,,,,,,,,,,,,,,,,,,,,,,,,,,,,,,,,,,,,,,,,,,,,,,,,,,,,,,,,,,,,,,,,,,,,,,,,,,,,,,,,,,,,,,,,,,,,,,
001OTNZEKJCBHGKWJB,false,,Professional Communicators LLC,,,,,Littleton,Colorado,,United States,,,,,,,,,,,,,,(866) 785-8255,https://procommunicators.com,,,104,,,,2022-02-10 00:00:00,,,,,,,,,,,,,,,,,,SourceScrub,,,,,,,,,,,,,,,,,,,,,,,,,,,,,,,,,,,,,,,,,procommunicators.com,,,,,,,,,,,,,,,,,,,,,,,,,,,,,,,,,,,,,,,,,,,,,,,,,,,,,,,,,,,,,,,,,,,,,,,,,,,,,,,,,,,,,,,,,,,,,,,,,,,,,,,,,,,,,,,,,,,,,,,,,,,,,,,,,,,,,,,,,,,,,,,,,,,,,,,,,,,,,,,,,,,,,,,,,,,,,,,,
001TINX4KIAPJ2GEJR,false,,Eve and Nico Gifts and Home Decor,,,,,Englewood,New Jersey,,United States,,,,,,,,,,,,,,(212) 280-0999,,,,254,,,,2022-09-15 00:00:00,,,,,,,,,,,,,,,,,,,,,,,,,,,,,,,,,,,,,,,,,,,,,,,,,,,,,,,,,,,www.eveandnico.com,,,,,,,,,,,,,,,,,,,,,,,,,,,,,,,,,,,,,,,,,,,,,,,,,,,,,,,,,,,,,,,,,,,,,,,,,,,,,https://eveandnico.com,Eve and Nico Gifts and Home Decor,2014,Englewood,New Jersey,212-280-0999,,,,,,,,,,,,,,,,,,,,,,,,,,,,,,,,,,,,,,,,,,,,,,,,,,,,,,,,,,,,,,,,,,,,,,,,,,,,,,,,,,,,,,,,,,,,,,
0012WM4F8U7318JZFD,false,,GADSDEN COUNTRY CLUB,,,,,Gadsden,Alabama,,United States,,,,,,,,,,,,,,(256) 546-0451,https://www.thegadsdencountryclub.com,,,,,,,2022-07-15 00:00:00,,,,,,,,,,,,,,,,,,,,,,,,,,,,,,,,,,,,,,,,,,,,,,,,,,,,,,,,,,,www.thegadsdencountryclub.com,,,,,,,,,,,,,,,,,,,,,,,,,,,,,,,,,,,,,,,,,,,,,,,,,,,,,,,,,,,,,,,,,,,,,,,,,,,,,https://thegadsdencountryclub.com,Gadsden Country Club,1919,Gadsden,Alabama,256-546-0451,,,,,,,,,,,,,,,,,,,,,,,,,,,,,,,,,,,,,,,,,,,,,,,,,,,,,,,,,,,,,,PB803371,,,,,,,,,,,,,,,,,,,,,,,,,,,,,,,,
0014B0PZCYC3EDQMEV,false,,"Overhead Door of Nova Scotia, Ltd",,,,,Dartmouth,Nova Scotia,,Canada,,,,,,,,,,,,,,(902) 455-5469,https://ohdns.ca,,,471,,,,2022-06-14 00:00:00,,,,,,,,,,,,,,,,,,Referral,,,,,,,,,,,,,,,,,,,,,,,,,,,,,,,,,,,,,,,,,ohdns.ca,,,,,,,,,,,,,,,,,,,,,,,,,,,,,,,,,,,,,,,,,,,,,,,,,,,,,,,,,,,,,,,,,,,,,,,,,,,,,,,,,,,,,,,,,,,,,,,,,,,,,,,,,,,,,,,,,,,,,,,,,,,,,,,,,,,,,,,,,,,,,,,,,,,,,,,,,,,,,,,,,,,,,,,,,,,,,,,,
001ZFC24MNXAC61JSE,false,,GODFREY FUNERAL HOME LLC,,,,,Valdosta,Georgia,,United States,,,,,,,,,,,,,,229-242-9500,https://godfreyfuneralhome.net,,,,,,,2022-08-10 00:00:00,,,,,,,,,,,,,,,,,,Website,,,,,,,,,,,,,,,,,,,,,,,,,,,,,,,,,,,,,,,,,godfreyfuneralhome.net,,,,,,,,,,,,,,,,,,,,,,,,,,,,,,,,,,,,,,,,,,,,,,,,,,,,,,,,,,,,,,,,,,,,,,,,,,,,,https://godfreyfuneralhome.net,Godfrey Funeral Home LLC,2010,Valdosta,Georgia,+12292429500,,,,,,,,,,,,,,,,,,,,,,,,,,,,,,,,,,,,,,,,,,,,,,,,,,,,,,,,,,,,,,,,,,,,,,,,,,,,,,,,,,,,,,,,,,,,,,
001FNC3LGLC0GAXIT9,false,,LIME 42,,,,,Vista,California,,United States,,,,,,,,,,,,,,+17608503385,https://lime42.com,,,424,,,,2022-01-16 00:00:00,,,,,,,,,,,,,,,,,,SourceScrub,,,,,,,,,,,,,,,,,,,,,,,,,,,,,,,,,,,,,,,,,lime42.com,,,,,,,,,,,,,,,,,,,,,,,,,,,,,,,,,,,,,,,,,,,,,,,,,,,,,,,,,,,,,,,,,,,,,,,,,,,,,https://lime42.com,Lime 42,2011,Vista,California,+17608503385,,,,,,,,,,,,,,,,,,,,,,,,,,,,,,,,,,,,,,,,,,,,,,,,,,,,,,,,,,,,,,,,,,,,,,,,,,,,,,,,,,,,,,,,,,,,,,
001DQ5T8T81771Y3WC,false,,Wyoming Mutual Telephone Co. ,,,,,Wyoming,Iowa,,United States,,,,,,,,,,,,,,(563) 488-2535,https://syzygy-tech.com,,,334,,,,2022-09-13 00:00:00,,,,,,,,,,,,,,,,,,SourceScrub,,,,,,,,,,,,,,,,,,,,,,,,,,,,,,,,,,,,,,,,,syzygy-tech.com,,,,,,,,,,,,,,,,,,,,,,,,,,,,,,,,,,,,,,,,,,,,,,,,,,,,,,,,,,,,,,,,,,,,,,,,,,,,,https://wyomingtel.com,Wyoming Mutual Telephone Co.,2014,Wyoming,Iowa,+15634882535,,,,,,,,,,,,,,,,,,,,,,,,,,,,,,,,,,,,,,,,,,,,,,,,,,,,,,,,,,,,,,,,,,,,,,,,,,,,,,,,,,,,,,,,,,,,,,
001KGTQ9BBGMQB37P2,false,,Proby's Tax & Accounting Service,,,,,Los Angeles,California,,United States,,,,,,,,,,,,,,+13232909034,https://probystax.com,,,58,,,,2022-02-17 00:00:00,,,,,,,,,,,,,,,,,,,,,,,,,,,,,,,,,,,,,,,,,,,,,,,,,,,,,,,,,,,www.probystax.com,,,,,,,,,,,,,,,,,,,,,,,,,,,,,,,,,,,,,,,,,,,,,,,,,,,,,,,,,,,,,,,,,,,,,,,,,,,,,https://probystax.com,Proby's Tax & Accounting Service,1984,Los Angeles,California,323-290-9034,,,,,,,,,,,,,,,,,,,,,,,,,,,,,,,,,,,,,,,,,,,,,,,,,,,,,,,,,,,,,,,,,,,,,,,,,,,,,,,,,,,,,,,,,,,,,,
001YMOTDZ3NQAY38F8,false,,Bateman Labs,,,,,Calgary,Alberta,,Canada,,,,,,,,,,,,,,+17803409393,https://www.batemanlabs.com,,,98,,,,2022-05-18 00:00:00,,,,,,,,,,,,,,,,,,Referral,,,,,,,,,,,,,,,,,,,,,,,,,,,,,,,,,,,,,,,,,batemanlabs.com,,,,,,,,,,,,,,,,,,,,,,,,,,,,,,,,,,,,,,,,,,,,,,,,,,,,,,,,,,,,,,,,,,,,,,,,,,,,,https://batemanlabs.com,Bateman Labs,2020,North Vancouver,British Columbia,+17803409393,,,,,,,,,,,,,,,,,,,,,,,,,,,,,,,,,,,,,,,,,,,,,,,,,,,,,,,,,,,,,,,,,,,,,,,,,,,,,,,,,,,,,,,,,,,,,,
0018AKU35S3X10ELXB,false,,S & L Collision Center Inc.,,,,,Hawthorne,New York,,United States,,,,,,,,,,,,,,(914) 741-5230,https://slcollisionhawthorne.com,,,19,,,,2022-02-18 00:00:00,,,,,,,,,,,,,,,,,,,,,,,,,,,,,,,,,,,,,,,,,,,,,,,,,,,,,,,,,,,slcollisionhawthorne.com,,,,,,,,,,,,,,,,,,,,,,,,,,,,,,,,,,,,,,,,,,,,,,,,,,,,,,,,,,,,,,,,,,,,,,,,,,,,,https://slcollisionhawthorne.com,S & L Collision Center Inc.,1994,Hawthorne,New York,+19147415230,,,,,,,,,,,,,,,,,,,,,,,,,,,,,,,,,,,,,,,,,,,,,,,,,,,,,,,,,,,,,,,,,,,,,,,,,,,,,,,,,,,,,,,,,,,,,,
001KOEWQKUR3JQ64NQ,false,,ALIGNMT LLC,,,,,Irvine,California,,United States,,,,,,,,,,,,,,(949) 273-0390,https://homebrewshop.com,,,88,,,,2022-07-12 00:00:00,,,,,,,,,,,,,,,,,,Referral,,,,,,,,,,,,,,,,,,,,,,,,,,,,,,,,,,,,,,,,,homebrewshop.com,,,,,,,,,,,,,,,,,,,,,,,,,,,,,,,,,,,,,,,,,,,,,,,,,,,,,,,,,,,,,,,,,,,,,,,,,,,,,https://alignmt.com,ALIGNMT LLC,2012,Irvine,California,+19492730390,,,,,,,,,,,,,,,,,,,,,,,,,,,,,,,,,,,,,,,,,,,,,,,,,,,,,,,,,,,,,,,,,,,,,,,,,,,,,,,,,,,,,,,,,,,,,,
0015HVMUTIFCZ9Z8DZ,false,,Sanskar Culture Society,,,,,Providence,Rhode Island,,United States,,,,,,,,,,,,,,(888) 864-9262,https://sanskarusa.org,,,358,,,,2022-01-18 00:00:00,,,,,,,,,,,,,,,,,,,,,,,,,,,,,,,,,,,,,,,,,,,,,,,,,,,,,,,,,,,www.sanskarusa.org,,,,,,,,,,,,,,,,,,,,,,,,,,,,,,,,,,,,,,,,,,,,,,,,,,,,,,,,,,,,,,,,,,,,,,,,,,,,,https://sanskarusa.org,Sanskar Culture Society,2016,Foxborough,Massachusetts,888-864-9262,,,,,,,,,,,,,,,,,,,,,,,,,,,,,,,,,,,,,,,,,,,,,,,,,,,,,,,,,,,,,,,,,,,,,,,,,,,,,,,,,,,,,,,,,,,,,,
001RT5NK4RITSFVA5P,false,,Palmwood Dental Partners,,,,,Rancho Palos Verdes,California,,United States,,,,,,,,,,,,,,(542) 661-7381,https://palmwooddental.com,,,,,,,2023-01-13 00:00:00,,,,,,,,,,,,,,,,,,Referral,,,,,,,,,,,,,,,,,,,,,,,,,,,,,,,,,,,,,,,,,palmwooddental.com,,,,,,,,,,,,,,,,,,,,,,,,,,,,,,,,,,,,,,,,,,,,,,,,,,,,,,,,,,,,,,,,,,,,,,,,,,,,,https://palmwooddental.com,Palmwood Dental Partners,2005,Rancho Palos Verdes,California,(542) 661-7381,,,,,,,,,,,,,,,,,,,,,,,,,,,,,,,,,,,,,,,,,,,,,,,,,,,,,,,,,,,,,,PB733215,,,,,,,,,,,,,,,,,,,,,,,,,,,,,,,,
001R1G2IQCVMLYFBDC,false,,"Infigo Audio, Inc. ",,,,,Kelowna Southwest,British Columbia,,Canada,,,,,,,,,,,,,,+14161099222,https://infigoaudio.com,,,48,,,,2022-02-19 00:00:00,,,,,,,,,,,,,,,,,,,,,,,,,,,,,,,,,,,,,,,,,,,,,,,,,,,,,,,,,,,infigoaudio.com,,,,,,,,,,,,,,,,,,,,,,,,,,,,,,,,,,,,,,,,,,,,,,,,,,,,,,,,,,,,,,,,,,,,,,,,,,,,,https://infigoaudio.com,"Infigo Audio, Inc.",2016,Kelowna Southwest,British Columbia,416-109-9222,,,,,,,,,,,,,,,,,,,,,,,,,,,,,,,,,,,,,,,,,,,,,,,,,,,,,,,,,,,,,,,,,,,,,,,,,,,,,,,,,,,,,,,,,,,,,,
001BJTAYFLOUMGE9X6,false,,Thirteen Barrels Brewing Co.,,,,,Lafayette,Colorado,,United States,,,,,,,,,,,,,,(303) 997-4164,https://odd13brewing.com,,,,,,,2022-05-12 00:00:00,,,,,,,,,,,,,,,,,,,,,,,,,,,,,,,,,,,,,,,,,,,,,,,,,,,,,,,,,,,odd13brewing.com,,,,,,,,,,,,,,,,,,,,,,,,,,,,,,,,,,,,,,,,,,,,,,,,,,,,,,,,,,,,,,,,,,,,,,,,,,,,,,,,,,,,,,,,,,,,,,,,,,,,,,,,,,,,,,,,,,,,,,,,,,,,,,,,,,,,,,,,,,,,,,,,PB242055,,,,,,,,,,,,,,,,,,,,,,,,,,,,,,,,
0019JZFX6KJWSK7KEG,false,,Full Canopy Tree Care,,,,,Austin,Texas,,United States,,,,,,,,,,,,,,+15123368733,,,,,,,,2022-05-12 00:00:00,,,,,,,,,,,,,,,,,,SourceScrub,,,,,,,,,,,,,,,,,,,,,,,,,,,,,,,,,,,,,,,,,,,,,,,,,,,,,,,,,,,,,,,,,,,,,,,,,,,,,,,,,,,,,,,,,,,,,,,,,,,,,,,,,,,,,,,,,,,,,,,"Full Canopy Tree Care, LLC",2003,Austin,Texas,(512) 336-8733,,,,,,,,,,,,,,,,,,,,,,,,,,,,,,,,,,,,,,,,,,,,,,,,,,,,,,,,,,,,,,,,,,,,,,,,,,,,,,,,,,,,,,,,,,,,,,
001XF266CCIFU6FD6Y,false,,"CONCRETE SOFTWARE, INC.",,,,,Eden Prairie,Minnesota,,United States,,,,,,,,,,,,,,+19529425162,,,,253,,,,2022-02-19 00:00:00,,,,,,,,,,,,,,,,,,SourceScrub,,,,,,,,,,,,,,,,,,,,,,,,,,,,,,,,,,,,,,,,,,,,,,,,,,,,,,,,,,,,,,,,,,,,,,,,,,,,,,,,,,,,,,,,,,,,,,,,,,,,,,,,,,,,,,,,,,,,,,https://concretesoftware.com,"Concrete Software, Inc.",2003,Eden Prairie,Minnesota,+19529425162,,,,,,,,,,,,,,,,,,,,,,,,,,,,,,,,,,,,,,,,,,,,,,,,,,,,,,,,,,,,,,,,,,,,,,,,,,,,,,,,,,,,,,,,,,,,,,
001EBOG43YQ15I5LAT,false,,Sensorium Labs (fka OVR Tech),,,,,Burlington,Vermont,,United States,,,,,,,,,,,,,,+18023914172,https://ovrtechnology.com,,,264,,,,2022-06-17 00:00:00,,,,,,,,,,,,,,,,,,Referral,,,,,,,,,,,,,,,,,,,,,,,,,,,,,,,,,,,,,,,,,ovrtechnology.com,,,,,,,,,,,,,,,,,,,,,,,,,,,,,,,,,,,,,,,,,,,,,,,,,,,,,,,,,,,,,,,,,,,,,,,,,,,,,https://ovrtechnology.com,"OVR Tech, LLC",2017,Burlington,Vermont,+18023914172,,,,,,,,,,,,,,,,,,,,,,,,,,,,,,,,,,,,,,,,,,,,,,,,,,,,,,,,,,,,,,,,,,,,,,,,,,,,,,,,,,,,,,,,,,,,,,
0013LCUYX1H0JQYGXW,false,,Windrow Agricultural Systems,,,,,Montesano,Washington,,United States,,,,,,,,,,,,,,(982) 830-8453,https://windrowag.com,,,,,,,2023-05-17 00:00:00,,,,,,,,,,,,,,,,,,SourceScrub,,,,,,,,,,,,,,,,,,,,,,,,,,,,,,,,,,,,,,,,,windrowag.com,,,,,,,,,,,,,,,,,,,,,,,,,,,,,,,,,,,,,,,,,,,,,,,,,,,,,,,,,,,,,,,,,,,,,,,,,,,,,https://windrowag.com,Windrow Agricultural Systems,1989,Montesano,Washington,(982) 830-8453,,,,,,,,,,,,,,,,,,,,,,,,,,,,,,,,,,,,,,,,,,,,,,,,,,,,,,,,,,,,,,,,,,,,,,,,,,,,,,,,,,,,,,,,,,,,,,
001SNSDBK9EW2D7Y2W,false,,"HAEGER, INC.",,,,,Grand Rapids,Michigan,,United States,,,,,,,,,,,,,,(209) 848-4000,https://haeger.com,,,,,,,2022-03-16 00:00:00,,,,,,,,,,,,,,,,,,Referral,,,,,,,,,,,,,,,,,,,,,,,,,,,,,,,,,,,,,,,,,www.haeger.com,,,,,,,,,,,,,,,,,,,,,,,,,,,,,,,,,,,,,,,,,,,,,,,,,,,,,,,,,,,,,,,,,,,,,,,,,,,,,,,,,,,,,,,,,,,,,,,,,,,,,,,,,,,,,,,,,,,,,,,,,,,,,,,,,,,,,,,,,,,,,,,,,,,,,,,,,,,,,,,,,,,,,,,,,,,,,,,,
001CRGEWM2YBDOZC2D,false,,"KAUFMAN CHAMBER OF COMMERCE, INC.",,,,,Kaufman,Texas,,United States,,,,,,,,,,,,,,(972) 932-3118,,,,157,,,,2022-03-15 00:00:00,,,,,,,,,,,,,,,,,,SourceScrub,,,,,,,,,,,,,,,,,,,,,,,,,,,,,,,,,,,,,,,,,kaufmanchamber.com,,,,,,,,,,,,,,,,,,,,,,,,,,,,,,,,,,,,,,,,,,,,,,,,,,,,,,,,,,,,,,,,,,,,,,,,,,,,,,,,,,,,,,,,,,,,,,,,,,,,,,,,,,,,,,,,,,,,,,,,,,,,,,,,,,,,,,,,,,,,,,,,,,,,,,,,,,,,,,,,,,,,,,,,,,,,,,,,
001IHD86N9LQXJLK7B,false,,Brightwell Analytics,,,,,Ontario,California,,United States,,,,,,,,,,,,,,(705) 212-2881,https://brightwellanalytics.io,,,,,,,2023-06-16 00:00:00,,,,,,,,,,,,,,,,,,,,,,,,,,,,,,,,,,,,,,,,,,,,,,,,,,,,,,,,,,,brightwellanalytics.io,,,,,,,,,,,,,,,,,,,,,,,,,,,,,,,,,,,,,,,,,,,,,,,,,,,,,,,,,,,,,,,,,,,,,,,,,,,,,https://brightwellanalytics.io,Brightwell Analytics,2012,Ontario,California,(705) 212-2881,,,,,,,,,,,,,,,,,,,,,,,,,,,,,,,,,,,,,,,,,,,,,,,,,,,,,,,,,,,,,,,,,,,,,,,,,,,,,,,,,,,,,,,,,,,,,,
001QH7DX297GQ8ZXQY,false,,Celerity Risk,,,,,Atlanta,Georgia,,United States,,,,,,,,,,,,,,,https://celerityrisk.com,,,26,,,,2022-02-17 00:00:00,,,,,,,,,,,,,,,,,,Website,,,,,,,,,,,,,,,,,,,,,,,,,,,,,,,,,,,,,,,,,celerityrisk.com,,,,,,,,,,,,,,,,,,,,,,,,,,,,,,,,,,,,,,,,,,,,,,,,,,,,,,,,,,,,,,,,,,,,,,,,,,,,,https://celerityrisk.com,Celerity Risk,2025,Atlanta,Georgia,,,,,,,,,,,,,,,,,,,,,,,,,,,,,,,,,,,,,,,,,,,,,,,,,,,,,,,,,,,,,,,,,,,,,,,,,,,,,,,,,,,,,,,,,,,,,,,
001PPA62IWTIJPVH91,false,,Tutela Eye Care,,,,,West Orange,New Jersey,,United States,,,,,,,,,,,,,,(973) 669-1240,https://www.eyedoctor-westorange.com,,,,,,,2022-08-16 00:00:00,,,,,,,,,,,,,,,,,,Website,,,,,,,,,,,,,,,,,,,,,,,,,,,,,,,,,,,,,,,,,eyedoctor-westorange.com,,,,,,,,,,,,,,,,,,,,,,,,,,,,,,,,,,,,,,,,,,,,,,,,,,,,,,,,,,,,,,,,,,,,,,,,,,,,,https://eyedoctor-westorange.com,Tutela Eye Care,2013,West Orange,New Jersey,973-669-1240,,,,,,,,,,,,,,,,,,,,,,,,,,,,,,,,,,,,,,,,,,,,,,,,,,,,,,,,,,,,,,,,,,,,,,,,,,,,,,,,,,,,,,,,,,,,,,
001UBGAEZWDOY0YOBQ,false,,Corvid Logistics Group,,,,,Fort Atkinson,Wisconsin,,United States,,,,,,,,,,,,,,(958) 980-9188,https://corvidlogistics.com,,,,,,,2023-04-15 00:00:00,,,,,,,,,,,,,,,,,,,,,,,,,,,,,,,,,,,,,,,,,,,,,,,,,,,,,,,,,,,corvidlogistics.com,,,,,,,,,,,,,,,,,,,,,,,,,,,,,,,,,,,,,,,,,,,,,,,,,,,,,,,,,,,,,,,,,,,,,,,,,,,,,https://corvidlogistics.com,Corvid Logistics Group,2012,Fort Atkinson,Wisconsin,(958) 980-9188,,,,,,,,,,,,,,,,,,,,,,,,,,,,,,,,,,,,,,,,,,,,,,,,,,,,,,,,,,,,,,,,,,,,,,,,,,,,,,,,,,,,,,,,,,,,,,
0010Z2EAYJ409GF4NJ,false,,FIKE'S ROOFING & CONSTRUCTION,,,,,Shelton,Washington,,United States,,,,,,,,,,,,,,360-490-0013,,,,,,,,2022-02-11 00:00:00,,,,,,,,,,,,,,,,,,Website,,,,,,,,,,,,,,,,,,,,,,,,,,,,,,,,,,,,,,,,,fikesroofing.com,,,,,,,,,,,,,,,,,,,,,,,,,,,,,,,,,,,,,,,,,,,,,,,,,,,,,,,,,,,,,,,,,,,,,,,,,,,,,https://fikesroofing.com,,2023,Shelton,Washington,+13604900013,,,,,,,,,,,,,,,,,,,,,,,,,,,,,,,,,,,,,,,,,,,,,,,,,,,,,,,,,,,,,,,,,,,,,,,,,,,,,,,,,,,,,,,,,,,,,,
001QH7A1PCSHTWKHD6,false,,Lorraine Press Inc.,,,,,Salt Lake City,Utah,,United States,,,,,,,,,,,,,,(801) 972-5626,https://lorrainepress.com,,,297,,,,2022-08-11 00:00:00,,,,,,,,,,,,,,,,,,Website,,,,,,,,,,,,,,,,,,,,,,,,,,,,,,,,,,,,,,,,,lorrainepress.com,,,,,,,,,,,,,,,,,,,,,,,,,,,,,,,,,,,,,,,,,,,,,,,,,,,,,,,,,,,,,,,,,,,,,,,,,,,,,https://lorrainepress.com,"Lorraine Press, Inc.",1945,Salt Lake City,Utah,+18019725626,,,,,,,,,,,,,,,,,,,,,,,,,,,,,,,,,,,,,,,,,,,,,,,,,,,,,,,,,,,,,,,,,,,,,,,,,,,,,,,,,,,,,,,,,,,,,,
001UK32QOIV3P6MRTJ,false,,"THE PATIENT WAIT, LLC",,,,,Rapidan,Virginia,,United States,,,,,,,,,,,,,,+15402450666,https://www.thepatientwait.com,,,,,,,2022-06-12 00:00:00,,,,,,,,,,,,,,,,,,Website,,,,,,,,,,,,,,,,,,,,,,,,,,,,,,,,,,,,,,,,,thepatientwait.com,,,,,,,,,,,,,,,,,,,,,,,,,,,,,,,,,,,,,,,,,,,,,,,,,,,,,,,,,,,,,,,,,,,,,,,,,,,,,https://thepatientwait.com,,2016,Rapidan,Virginia,+15402450666,,,,,,,,,,,,,,,,,,,,,,,,,,,,,,,,,,,,,,,,,,,,,,,,,,,,,,,,,,,,,,PB121362,,,,,,,,,,,,,,,,,,,,,,,,,,,,,,,,
001ZI8OOJ3ZKBY07CZ,false,,Roofing Formula LLC,,,,,Kirkland,Washington,,United States,,,,,,,,,,,,,,(425) 207-6016,https://roofingformula.com,,,29,,,,2022-06-16 00:00:00,,,,,,,,,,,,,,,,,,Referral,,,,,,,,,,,,,,,,,,,,,,,,,,,,,,,,,,,,,,,,,roofingformula.com,,,,,,,,,,,,,,,,,,,,,,,,,,,,,,,,,,,,,,,,,,,,,,,,,,,,,,,,,,,,,,,,,,,,,,,,,,,,,https://roofingformula.com,"Roofing Formula, LLC",2020,Kirkland,Washington,+14252076016,,,,,,,,,,,,,,,,,,,,,,,,,,,,,,,,,,,,,,,,,,,,,,,,,,,,,,,,,,,,,,,,,,,,,,,,,,,,,,,,,,,,,,,,,,,,,,
001KXAW727EHWPUYDS,false,,"Nourish Adolescent Wellness, PLLC",,,,,Apex,North Carolina,,United States,,,,,,,,,,,,,,+19193676639,https://www.nourishadolescentwellness.com,,,116,,,,2022-09-18 00:00:00,,,,,,,,,,,,,,,,,,Website,,,,,,,,,,,,,,,,,,,,,,,,,,,,,,,,,,,,,,,,,nourishadolescentwellness.com,,,,,,,,,,,,,,,,,,,,,,,,,,,,,,,,,,,,,,,,,,,,,,,,,,,,,,,,,,,,,,,,,,,,,,,,,,,,,https://nourishadolescentwellness.com,"Nourish Adolescent Wellness, PLLC",2020,Apex,North Carolina,+19193676639,,,,,,,,,,,,,,,,,,,,,,,,,,,,,,,,,,,,,,,,,,,,,,,,,,,,,,,,,,,,,,,,,,,,,,,,,,,,,,,,,,,,,,,,,,,,,,
00179YUA5Y2TL8TJ1Y,false,,Space City Weather ,,,,,Houston,Texas,,United States,,,,,,,,,,,,,,(433) 252-8525,https://spacecityweather.com,,,491,,,,2022-04-15 00:00:00,,,,,,,,,,,,,,,,,,Website,,,,,,,,,,,,,,,,,,,,,,,,,,,,,,,,,,,,,,,,,spacecityweather.com,,,,,,,,,,,,,,,,,,,,,,,,,,,,,,,,,,,,,,,,,,,,,,,,,,,,,,,,,,,,,,,,,,,,,,,,,,,,,https://spacecityweather.com,,2015,Houston,Texas,433.252.8525,,,,,,,,,,,,,,,,,,,,,,,,,,,,,,,,,,,,,,,,,,,,,,,,,,,,,,,,,,,,,,,,,,,,,,,,,,,,,,,,,,,,,,,,,,,,,,
001DAW5G5L5W6QKSNO,false,,"Craftop Canada, Ltd. ",,,,,Oakville,Ontario,,Canada,,,,,,,,,,,,,,(905) 302-0558,https://craftop.com,,,,,,,2022-09-11 00:00:00,,,,,,,,,,,,,,,,,,Referral,,,,,,,,,,,,,,,,,,,,,,,,,,,,,,,,,,,,,,,,,craftop.com,,,,,,,,,,,,,,,,,,,,,,,,,,,,,,,,,,,,,,,,,,,,,,,,,,,,,,,,,,,,,,,,,,,,,,,,,,,,,https://craftop.com,"Craftop Canada, Ltd.",2003,Oakville,Ontario,+19053020558,,,,,,,,,,,,,,,,,,,,,,,,,,,,,,,,,,,,,,,,,,,,,,,,,,,,,,,,,,,,,,,,,,,,,,,,,,,,,,,,,,,,,,,,,,,,,,
001P10OOLH31UQG0PZ,false,,"ABSOLUTE MOBILE DRUG TESTING, LLC",,,,,Coeur d'Alene,Idaho,,United States,,,,,,,,,,,,,,509-747-8855,https://adtlab.com,,,448,,,,2022-08-10 00:00:00,,,,,,,,,,,,,,,,,,,,,,,,,,,,,,,,,,,,,,,,,,,,,,,,,,,,,,,,,,,www.adtlab.com,,,,,,,,,,,,,,,,,,,,,,,,,,,,,,,,,,,,,,,,,,,,,,,,,,,,,,,,,,,,,,,,,,,,,,,,,,,,,,,,,,,,,,,,,,,,,,,,,,,,,,,,,,,,,,,,,,,,,,,,,,,,,,,,,,,,,,,,,,,,,,,,,,,,,,,,,,,,,,,,,,,,,,,,,,,,,,,,
001OF6ZL2KXPOLCQWD,false,,Herbert Williams Fire Equipment Ltd.,,,,,Toronto,Ontario,,Canada,,,,,,,,,,,,,,+14162925484,https://herbertwilliams.com,,,,,,,2022-09-17 00:00:00,,,,,,,,,,,,,,,,,,SourceScrub,,,,,,,,,,,,,,,,,,,,,,,,,,,,,,,,,,,,,,,,,herbertwilliams.com,,,,,,,,,,,,,,,,,,,,,,,,,,,,,,,,,,,,,,,,,,,,,,,,,,,,,,,,,,,,,,,,,,,,,,,,,,,,,https://herbertwilliams.com,Herbert Williams Fire Equipment Ltd.,1908,Toronto,Ontario,+14162925484,,,,,,,,,,,,,,,,,,,,,,,,,,,,,,,,,,,,,,,,,,,,,,,,,,,,,,,,,,,,,,,,,,,,,,,,,,,,,,,,,,,,,,,,,,,,,,
001NA3Z2ZTKEJTTQ9V,false,,ABC Sand & Rock,,,,,Phoenix,Arizona,,United States,,,,,,,,,,,,,,(602) 272-1792,https://www.abcsandrock.com,,,,,,,2022-05-19 00:00:00,,,,,,,,,,,,,,,,,,Referral,,,,,,,,,,,,,,,,,,,,,,,,,,,,,,,,,,,,,,,,,abcsandrock.com,,,,,,,,,,,,,,,,,,,,,,,,,,,,,,,,,,,,,,,,,,,,,,,,,,,,,,,,,,,,,,,,,,,,,,,,,,,,,,,,,,,,,,,,,,,,,,,,,,,,,,,,,,,,,,,,,,,,,,,,,,,,,,,,,,,,,,,,,,,,,,,,,,,,,,,,,,,,,,,,,,,,,,,,,,,,,,,,
001XU64SB0B17GW4D8,false,,"Remco Office Systems, Inc. ",,,,,Dayton,Ohio,,United States,,,,,,,,,,,,,,+19374362448,https://www.remcoofficesys.com,,,,,,,2022-05-12 00:00:00,,,,,,,,,,,,,,,,,,,,,,,,,,,,,,,,,,,,,,,,,,,,,,,,,,,,,,,,,,,remcoofficesys.com,,,,,,,,,,,,,,,,,,,,,,,,,,,,,,,,,,,,,,,,,,,,,,,,,,,,,,,,,,,,,,,,,,,,,,,,,,,,,https://remcoofficesys.com,"Remco Office Systems, Inc.",1985,Dayton,Ohio,937-436-2448,,,,,,,,,,,,,,,,,,,,,,,,,,,,,,,,,,,,,,,,,,,,,,,,,,,,,,,,,,,,,,,,,,,,,,,,,,,,,,,,,,,,,,,,,,,,,,
001SJB26V6I2A7SLX1,false,,Little Caesars Pizza Kit Fundraising Program (PKC),,,,,Detroit,Michigan,,United States,,,,,,,,,,,,,,888-452-5487,https://pizzakit.ca,,,,,,,2022-03-18 00:00:00,,,,,,,,,,,,,,,,,,Website,,,,,,,,,,,,,,,,,,,,,,,,,,,,,,,,,,,,,,,,,www.pizzakit.ca,,,,,,,,,,,,,,,,,,,,,,,,,,,,,,,,,,,,,,,,,,,,,,,,,,,,,,,,,,,,,,,,,,,,,,,,,,,,,https://pizzakit.ca,,1997,Detroit,Michigan,+18884525487,,,,,,,,,,,,,,,,,,,,,,,,,,,,,,,,,,,,,,,,,,,,,,,,,,,,,,,,,,,,,,,,,,,,,,,,,,,,,,,,,,,,,,,,,,,,,,
001JX90X7P2ZQHOLM9,false,,"CAYO CUSTOM BOATS, LLC",,,,,St. Petersburg,Florida,,United States,,,,,,,,,,,,,,(727) 426-0522,https://www.cayoboatworks.com,,,,,,,2022-04-18 00:00:00,,,,,,,,,,,,,,,,,,Referral,,,,,,,,,,,,,,,,,,,,,,,,,,,,,,,,,,,,,,,,,www.cayoboatworks.com,,,,,,,,,,,,,,,,,,,,,,,,,,,,,,,,,,,,,,,,,,,,,,,,,,,,,,,,,,,,,,,,,,,,,,,,,,,,,https://cayoboatworks.com,"Cayo Custom Boats, LLC",2017,St. Petersburg,Florida,727-426-0522,,,,,,,,,,,,,,,,,,,,,,,,,,,,,,,,,,,,,,,,,,,,,,,,,,,,,,,,,,,,,,,,,,,,,,,,,,,,,,,,,,,,,,,,,,,,,,
001ACD8BZLPKDGA9MJ,false,,Westflo Products,,,,,Pasadena,Texas,,United States,,,,,,,,,,,,,,713-473-9309,https://www.westfloproducts.com,,,,,,,2022-07-19 00:00:00,,,,,,,,,,,,,,,,,,Website,,,,,,,,,,,,,,,,,,,,,,,,,,,,,,,,,,,,,,,,,www.westfloproducts.com,,,,,,,,,,,,,,,,,,,,,,,,,,,,,,,,,,,,,,,,,,,,,,,,,,,,,,,,,,,,,,,,,,,,,,,,,,,,,https://westfloproducts.com,Westflo Products,1988,Pasadena,Texas,713-473-9309,,,,,,,,,,,,,,,,,,,,,,,,,,,,,,,,,,,,,,,,,,,,,,,,,,,,,,,,,,,,,,,,,,,,,,,,,,,,,,,,,,,,,,,,,,,,,,
001F5RLNIMTMAE70D7,false,,"Grand Isle Partners, LLC",,,,,New Orleans,Louisiana,,United States,,,,,,,,,,,,,,(504) 520-8530,https://grandislerestaurant.com,,,70,,,,2022-08-11 00:00:00,,,,,,,,,,,,,,,,,,SourceScrub,,,,,,,,,,,,,,,,,,,,,,,,,,,,,,,,,,,,,,,,,grandislerestaurant.com,,,,,,,,,,,,,,,,,,,,,,,,,,,,,,,,,,,,,,,,,,,,,,,,,,,,,,,,,,,,,,,,,,,,,,,,,,,,,https://grandislerestaurant.com,"Grand Isle Partners, LLC",2007,New Orleans,Louisiana,+15045208530,,,,,,,,,,,,,,,,,,,,,,,,,,,,,,,,,,,,,,,,,,,,,,,,,,,,,,,,,,,,,,PB432950,,,,,,,,,,,,,,,,,,,,,,,,,,,,,,,,
001JTT1RMGGRNY3CAZ,false,,Onlinejobs.ph,,,,,Lehi,Utah,,United States,,,,,,,,,,,,,,888-416-0925,https://onlinejobs.ph,,,209,,,,2022-05-17 00:00:00,,,,,,,,,,,,,,,,,,SourceScrub,,,,,,,,,,,,,,,,,,,,,,,,,,,,,,,,,,,,,,,,,onlinejobs.ph,,,,,,,,,,,,,,,,,,,,,,,,,,,,,,,,,,,,,,,,,,,,,,,,,,,,,,,,,,,,,,,,,,,,,,,,,,,,,https://onlinejobs.ph,Onlinejobs.ph,2005,Lehi,Utah,888-416-0925,,,,,,,,,,,,,,,,,,,,,,,,,,,,,,,,,,,,,,,,,,,,,,,,,,,,,,,,,,,,,,,,,,,,,,,,,,,,,,,,,,,,,,,,,,,,,,
001XVJCNQCNAU0XLTE,false,,"IC Mechanical, Inc.",,,,,Tampa,Florida,,United States,,,,,,,,,,,,,,+18138184889,https://icmech.com,,,,,,,2022-02-16 00:00:00,,,,,,,,,,,,,,,,,,Website,,,,,,,,,,,,,,,,,,,,,,,,,,,,,,,,,,,,,,,,,www.icmech.com,,,,,,,,,,,,,,,,,,,,,,,,,,,,,,,,,,,,,,,,,,,,,,,,,,,,,,,,,,,,,,,,,,,,,,,,,,,,,,,,,,,,,,,,,,,,,,,,,,,,,,,,,,,,,,,,,,,,,,,,,,,,,,,,,,,,,,,,,,,,,,,,,,,,,,,,,,,,,,,,,,,,,,,,,,,,,,,,
00139T0TP1YX262LBA,false,,AGILE MICROWAVE TECHNOLOGY INC.,,,,,Cary,North Carolina,,United States,,,,,,,,,,,,,,984-228-8001,https://agilemwt.com,,,,,,,2022-08-12 00:00:00,,,,,,,,,,,,,,,,,,,,,,,,,,,,,,,,,,,,,,,,,,,,,,,,,,,,,,,,,,,agilemwt.com,,,,,,,,,,,,,,,,,,,,,,,,,,,,,,,,,,,,,,,,,,,,,,,,,,,,,,,,,,,,,,,,,,,,,,,,,,,,,https://agilemwt.com,,2011,Cary,North Carolina,+19842288001,,,,,,,,,,,,,,,,,,,,,,,,,,,,,,,,,,,,,,,,,,,,,,,,,,,,,,,,,,,,,,,,,,,,,,,,,,,,,,,,,,,,,,,,,,,,,,
001KP0EC498UK1GEQF,false,,Art Camp.,,,,,Brooklyn,New York,,United States,,,,,,,,,,,,,,416-538-5457,https://madeatartcamp.com,,,347,,,,2022-03-13 00:00:00,,,,,,,,,,,,,,,,,,Website,,,,,,,,,,,,,,,,,,,,,,,,,,,,,,,,,,,,,,,,,madeatartcamp.com,,,,,,,,,,,,,,,,,,,,,,,,,,,,,,,,,,,,,,,,,,,,,,,,,,,,,,,,,,,,,,,,,,,,,,,,,,,,,https://madeatartcamp.com,Art Camp.,2016,Brooklyn,New York,416-538-5457,,,,,,,,,,,,,,,,,,,,,,,,,,,,,,,,,,,,,,,,,,,,,,,,,,,,,,,,,,,,,,,,,,,,,,,,,,,,,,,,,,,,,,,,,,,,,,
001JWP1AXG7LEU1M6B,false,,"Avail Technologies, Inc.",,,,,State College,Pennsylvania,,United States,,,,,,,,,,,,,,814-234-3394,https://availtec.com,,,138,,,,2022-08-10 00:00:00,,,,,,,,,,,,,,,,,,SourceScrub,,,,,,,,,,,,,,,,,,,,,,,,,,,,,,,,,,,,,,,,,availtec.com,,,,,,,,,,,,,,,,,,,,,,,,,,,,,,,,,,,,,,,,,,,,,,,,,,,,,,,,,,,,,,,,,,,,,,,,,,,,,https://availtec.com,"Avail Technologies, Inc.",1999,State College,Pennsylvania,+18142343394,,,,,,,,,,,,,,,,,,,,,,,,,,,,,,,,,,,,,,,,,,,,,,,,,,,,,,,,,,,,,,PB948091,,,,,,,,,,,,,,,,,,,,,,,,,,,,,,,,
001M49OJW03S9I4WOR,false,,"ADVENTURE HOMES, LLC",,,,,Garrett,Indiana,,United States,,,,,,,,,,,,,,877-510-1948,https://www.adventurehomes.net,,,166,,,,2022-08-10 00:00:00,,,,,,,,,,,,,,,,,,Referral,,,,,,,,,,,,,,,,,,,,,,,,,,,,,,,,,,,,,,,,,adventurehomes.net,,,,,,,,,,,,,,,,,,,,,,,,,,,,,,,,,,,,,,,,,,,,,,,,,,,,,,,,,,,,,,,,,,,,,,,,,,,,,https://adventurehomes.net,"Adventure Homes, LLC",2009,Garrett,Indiana,+18775101948,,,,,,,,,,,,,,,,,,,,,,,,,,,,,,,,,,,,,,,,,,,,,,,,,,,,,,,,,,,,,,,,,,,,,,,,,,,,,,,,,,,,,,,,,,,,,,
00124KJHXK04Y2RVSR,false,,"Dahlquist Heating and Cooling, Inc.",,,,,Rhinelander,Wisconsin,,United States,,,,,,,,,,,,,,+17153612798,https://dahlquistheatingandcooling.com,,,160,,,,2022-06-19 00:00:00,,,,,,,,,,,,,,,,,,SourceScrub,,,,,,,,,,,,,,,,,,,,,,,,,,,,,,,,,,,,,,,,,dahlquistheatingandcooling.com,,,,,,,,,,,,,,,,,,,,,,,,,,,,,,,,,,,,,,,,,,,,,,,,,,,,,,,,,,,,,,,,,,,,,,,,,,,,,https://dahlquistheatingandcooling.com,,1957,Rhinelander,Wisconsin,+17153612798,,,,,,,,,,,,,,,,,,,,,,,,,,,,,,,,,,,,,,,,,,,,,,,,,,,,,,,,,,,,,,,,,,,,,,,,,,,,,,,,,,,,,,,,,,,,,,
001Q5EPYO0TZ5BPFLK,false,,Elite Pain and Health PC,,,,,Oklahoma City,Oklahoma,,United States,,,,,,,,,,,,,,(800) 781-1220,https://epainhealth.com,,,173,,,,2022-09-15 00:00:00,,,,,,,,,,,,,,,,,,SourceScrub,,,,,,,,,,,,,,,,,,,,,,,,,,,,,,,,,,,,,,,,,epainhealth.com,,,,,,,,,,,,,,,,,,,,,,,,,,,,,,,,,,,,,,,,,,,,,,,,,,,,,,,,,,,,,,,,,,,,,,,,,,,,,,,,,,,,,,,,,,,,,,,,,,,,,,,,,,,,,,,,,,,,,,,,,,,,,,,,,,,,,,,,,,,,,,,,,,,,,,,,,,,,,,,,,,,,,,,,,,,,,,,,
001YFKOZM4LNCZ7KYW,false,,"2NDNATURE Software, Inc.",,,,,Santa Cruz,California,,United States,,,,,,,,,,,,,,(831) 426-9119,https://2ndnaturewater.com,,,,,,,2022-01-18 00:00:00,,,,,,,,,,,,,,,,,,SourceScrub,,,,,,,,,,,,,,,,,,,,,,,,,,,,,,,,,,,,,,,,,www.2ndnaturewater.com,,,,,,,,,,,,,,,,,,,,,,,,,,,,,,,,,,,,,,,,,,,,,,,,,,,,,,,,,,,,,,,,,,,,,,,,,,,,,https://2ndnaturewater.com,,2016,Santa Cruz,California,+18314269119,,,,,,,,,,,,,,,,,,,,,,,,,,,,,,,,,,,,,,,,,,,,,,,,,,,,,,,,,,,,,,,,,,,,,,,,,,,,,,,,,,,,,,,,,,,,,,
001PF8S3OYM9X39T44,false,,"Mountain Comprehensive Care Center, Inc. (MCCC)",,,,,Prestonsburg,Kentucky,,United States,,,,,,,,,,,,,,(800) 422-1060,https://mtcomp.org,,,,,,,2022-09-16 00:00:00,,,,,,,,,,,,,,,,,,,,,,,,,,,,,,,,,,,,,,,,,,,,,,,,,,,,,,,,,,,mtcomp.org,,,,,,,,,,,,,,,,,,,,,,,,,,,,,,,,,,,,,,,,,,,,,,,,,,,,,,,,,,,,,,,,,,,,,,,,,,,,,https://mtcomp.org,"Mountain Comprehensive Care Center, Inc. (MCCC)",1966,Prestonsburg,Kentucky,800-422-1060,,,,,,,,,,,,,,,,,,,,,,,,,,,,,,,,,,,,,,,,,,,,,,,,,,,,,,,,,,,,,,PB358574,,,,,,,,,,,,,,,,,,,,,,,,,,,,,,,,
001QG515M8UAWFSQPF,false,,"Tactura Solutions, LLC",,,,,Addison,Texas,,United States,,,,,,,,,,,,,,(214) 533-7937,https://tacturasolutions.com,,,460,,,,2022-05-15 00:00:00,,,,,,,,,,,,,,,,,,Website,,,,,,,,,,,,,,,,,,,,,,,,,,,,,,,,,,,,,,,,,tacturasolutions.com,,,,,,,,,,,,,,,,,,,,,,,,,,,,,,,,,,,,,,,,,,,,,,,,,,,,,,,,,,,,,,,,,,,,,,,,,,,,,https://tacturasolutions.com,"Tactura Solutions, LLC",2012,Addison,Texas,+12145337937,,,,,,,,,,,,,,,,,,,,,,,,,,,,,,,,,,,,,,,,,,,,,,,,,,,,,,,,,,,,,,PB214956,,,,,,,,,,,,,,,,,,,,,,,,,,,,,,,,
0011E5ULRQ8BKRPBND,false,,GP Consulting,,,,,Monroe,Louisiana,,United States,,,,,,,,,,,,,,(318) 516-3878,https://consult-gp.com,,,309,,,,2022-02-13 00:00:00,,,,,,,,,,,,,,,,,,Website,,,,,,,,,,,,,,,,,,,,,,,,,,,,,,,,,,,,,,,,,www.consult-gp.com,,,,,,,,,,,,,,,,,,,,,,,,,,,,,,,,,,,,,,,,,,,,,,,,,,,,,,,,,,,,,,,,,,,,,,,,,,,,,https://consult-gp.com,"GP Consulting, LLC",2015,Monroe,Louisiana,318-516-3878,,,,,,,,,,,,,,,,,,,,,,,,,,,,,,,,,,,,,,,,,,,,,,,,,,,,,,,,,,,,,,,,,,,,,,,,,,,,,,,,,,,,,,,,,,,,,,
001XCAN3THI1FMHWKX,false,,HOLSTEIN PLAZA,,,,,North Hudson,Wisconsin,,United States,,,,,,,,,,,,,,(240) 329-0169,https://www.holsteinplaza.com,,,487,,,,2022-05-11 00:00:00,,,,,,,,,,,,,,,,,,Website,,,,,,,,,,,,,,,,,,,,,,,,,,,,,,,,,,,,,,,,,holsteinplaza.com,,,,,,,,,,,,,,,,,,,,,,,,,,,,,,,,,,,,,,,,,,,,,,,,,,,,,,,,,,,,,,,,,,,,,,,,,,,,,,,,,,,,,,,,,,,,,,,,,,,,,,,,,,,,,,,,,,,,,,,,,,,,,,,,,,,,,,,,,,,,,,,,,,,,,,,,,,,,,,,,,,,,,,,,,,,,,,,,
001PYYYO2SAUQR1KCS,false,,Smoke Bud,,,,,Waterloo,Iowa,,United States,,,,,,,,,,,,,,,https://smokebudapp.com,,,,,,,2022-03-14 00:00:00,,,,,,,,,,,,,,,,,,,,,,,,,,,,,,,,,,,,,,,,,,,,,,,,,,,,,,,,,,,smokebudapp.com,,,,,,,,,,,,,,,,,,,,,,,,,,,,,,,,,,,,,,,,,,,,,,,,,,,,,,,,,,,,,,,,,,,,,,,,,,,,,https://smokebudapp.com,Smoke Bud,2023,Waterloo,Iowa,,,,,,,,,,,,,,,,,,,,,,,,,,,,,,,,,,,,,,,,,,,,,,,,,,,,,,,,,,,,,,,,,,,,,,,,,,,,,,,,,,,,,,,,,,,,,,,
0010IVGXV479NS1V1Q,false,,"Fadstir, Inc. ",,,,,Los Angeles,California,,United States,,,,,,,,,,,,,,+18327153017,https://fadstir.com,,,,,,,2022-07-15 00:00:00,,,,,,,,,,,,,,,,,,Referral,,,,,,,,,,,,,,,,,,,,,,,,,,,,,,,,,,,,,,,,,fadstir.com,,,,,,,,,,,,,,,,,,,,,,,,,,,,,,,,,,,,,,,,,,,,,,,,,,,,,,,,,,,,,,,,,,,,,,,,,,,,,,,,,,,,,,,,,,,,,,,,,,,,,,,,,,,,,,,,,,,,,,,,,,,,,,,,,,,,,,,,,,,,,,,,,,,,,,,,,,,,,,,,,,,,,,,,,,,,,,,,
0010B3PZWGLSHROCZC,false,,"MISSION ORGANIC, INC.",,,,,San Francisco,California,,United States,,,,,,,,,,,,,,415-585-6337,https://missionorganiccenter.com,,,291,,,,2022-01-18 00:00:00,,,,,,,,,,,,,,,,,,Referral,,,,,,,,,,,,,,,,,,,,,,,,,,,,,,,,,,,,,,,,,www.missionorganiccenter.com,,,,,,,,,,,,,,,,,,,,,,,,,,,,,,,,,,,,,,,,,,,,,,,,,,,,,,,,,,,,,,,,,,,,,,,,,,,,,https://missionorganiccenter.com,"Mission Organic, Inc.",2012,San Francisco,California,+14155856337,,,,,,,,,,,,,,,,,,,,,,,,,,,,,,,,,,,,,,,,,,,,,,,,,,,,,,,,,,,,,,,,,,,,,,,,,,,,,,,,,,,,,,,,,,,,,,
001P2LDXJFS953QDCA,false,,Paul Lewallen,,,,,San Diego,California,,United States,,,,,,,,,,,,,,+18582551192,https://www.paullewallen.com,,,,,,,2022-07-14 00:00:00,,,,,,,,,,,,,,,,,,Referral,,,,,,,,,,,,,,,,,,,,,,,,,,,,,,,,,,,,,,,,,www.paullewallen.com,,,,,,,,,,,,,,,,,,,,,,,,,,,,,,,,,,,,,,,,,,,,,,,,,,,,,,,,,,,,,,,,,,,,,,,,,,,,,https://paullewallen.com,Paul Lewallen,2005,San Diego,California,858-255-1192,,,,,,,,,,,,,,,,,,,,,,,,,,,,,,,,,,,,,,,,,,,,,,,,,,,,,,,,,,,,,,PB790559,,,,,,,,,,,,,,,,,,,,,,,,,,,,,,,,
001S9V0RZ1U80YJYY0,false,,Argent Field Services,,,,,Burlington,Vermont,,United States,,,,,,,,,,,,,,(526) 591-7374,https://argentfieldservices.com,,,,,,,2023-05-19 00:00:00,,,,,,,,,,,,,,,,,,,,,,,,,,,,,,,,,,,,,,,,,,,,,,,,,,,,,,,,,,,argentfieldservices.com,,,,,,,,,,,,,,,,,,,,,,,,,,,,,,,,,,,,,,,,,,,,,,,,,,,,,,,,,,,,,,,,,,,,,,,,,,,,,https://argentfieldservices.com,Argent Field Services,2020,Burlington,Vermont,(526) 591-7374,,,,,,,,,,,,,,,,,,,,,,,,,,,,,,,,,,,,,,,,,,,,,,,,,,,,,,,,,,,,,,,,,,,,,,,,,,,,,,,,,,,,,,,,,,,,,,
0013CGA4O2XCSOHDMM,false,,SMC-Roe,,,,,North Tonawanda,New York,,United States,,,,,,,,,,,,,,(716) 696-3171,https://smc-roe.com,,,181,,,,2022-05-10 00:00:00,,,,,,,,,,,,,,,,,,SourceScrub,,,,,,,,,,,,,,,,,,,,,,,,,,,,,,,,,,,,,,,,,www.smc-roe.com,,,,,,,,,,,,,,,,,,,,,,,,,,,,,,,,,,,,,,,,,,,,,,,,,,,,,,,,,,,,,,,,,,,,,,,,,,,,,https://smc-roe.com,SMC-Roe,1994,North Tonawanda,New York,716-696-3171,,,,,,,,,,,,,,,,,,,,,,,,,,,,,,,,,,,,,,,,,,,,,,,,,,,,,,,,,,,,,,,,,,,,,,,,,,,,,,,,,,,,,,,,,,,,,,
001Z8KF9TM5N7F2H9H,false,,"Oconee Rental, Inc",,,,,Watkinsville,Georgia,,United States,,,,,,,,,,,,,,(706) 769-9390,https://oconeerental.com,,,128,,,,2022-01-17 00:00:00,,,,,,,,,,,,,,,,,,,,,,,,,,,,,,,,,,,,,,,,,,,,,,,,,,,,,,,,,,,oconeerental.com,,,,,,,,,,,,,,,,,,,,,,,,,,,,,,,,,,,,,,,,,,,,,,,,,,,,,,,,,,,,,,,,,,,,,,,,,,,,,,,,,,,,,,,,,,,,,,,,,,,,,,,,,,,,,,,,,,,,,,,,,,,,,,,,,,,,,,,,,,,,,,,,,,,,,,,,,,,,,,,,,,,,,,,,,,,,,,,,
001NCDRTMHT2HKU23X,false,,M247,,,,,St. Petersburg,Florida,,United States,,,,,,,,,,,,,,844-284-6247,,,,,,,,2022-08-17 00:00:00,,,,,,,,,,,,,,,,,,SourceScrub,,,,,,,,,,,,,,,,,,,,,,,,,,,,,,,,,,,,,,,,,www.m247.net,,,,,,,,,,,,,,,,,,,,,,,,,,,,,,,,,,,,,,,,,,,,,,,,,,,,,,,,,,,,,,,,,,,,,,,,,,,,,https://m247.net,M247,2018,St. Petersburg,Florida,+18442846247,,,,,,,,,,,,,,,,,,,,,,,,,,,,,,,,,,,,,,,,,,,,,,,,,,,,,,,,,,,,,,,,,,,,,,,,,,,,,,,,,,,,,,,,,,,,,,
001MHFCDZ9U29U3A44,false,,Sable Ridge Vineyards,,,,,Oakville,Ontario,,Canada,,,,,,,,,,,,,,(936) 798-4821,https://sableridgevineyards.com,,,,,,,2023-07-15 00:00:00,,,,,,,,,,,,,,,,,,SourceScrub,,,,,,,,,,,,,,,,,,,,,,,,,,,,,,,,,,,,,,,,,sableridgevineyards.com,,,,,,,,,,,,,,,,,,,,,,,,,,,,,,,,,,,,,,,,,,,,,,,,,,,,,,,,,,,,,,,,,,,,,,,,,,,,,https://sableridgevineyards.com,Sable Ridge Vineyards,2011,Oakville,Ontario,(936) 798-4821,,,,,,,,,,,,,,,,,,,,,,,,,,,,,,,,,,,,,,,,,,,,,,,,,,,,,,,,,,,,,,,,,,,,,,,,,,,,,,,,,,,,,,,,,,,,,,
001F1BXNTQ186KYO3I,false,,Empire Coach Lines Inc ,,,,,Orlando,Florida,,United States,,,,,,,,,,,,,,+14078882624,https://www.empirecoachline.com,,,232,,,,2022-06-19 00:00:00,,,,,,,,,,,,,,,,,,Referral,,,,,,,,,,,,,,,,,,,,,,,,,,,,,,,,,,,,,,,,,www.empirecoachline.com,,,,,,,,,,,,,,,,,,,,,,,,,,,,,,,,,,,,,,,,,,,,,,,,,,,,,,,,,,,,,,,,,,,,,,,,,,,,,https://empirecoachline.com,Empire Coach Lines Inc,2006,Orlando,Florida,+14078882624,,,,,,,,,,,,,,,,,,,,,,,,,,,,,,,,,,,,,,,,,,,,,,,,,,,,,,,,,,,,,,,,,,,,,,,,,,,,,,,,,,,,,,,,,,,,,,
001DN16I5MC9QL8KP8,false,,Harrington Moving and Storage,,,,,Andover,Massachusetts,,United States,,,,,,,,,,,,,,+19784757071,https://harringtonmovstg.com,,,251,,,,2022-02-13 00:00:00,,,,,,,,,,,,,,,,,,Referral,,,,,,,,,,,,,,,,,,,,,,,,,,,,,,,,,,,,,,,,,harringtonmovstg.com,,,,,,,,,,,,,,,,,,,,,,,,,,,,,,,,,,,,,,,,,,,,,,,,,,,,,,,,,,,,,,,,,,,,,,,,,,,,,https://harringtonmovstg.com,Harrington Moving and Storage,1993,Andover,Massachusetts,+19784757071,,,,,,,,,,,,,,,,,,,,,,,,,,,,,,,,,,,,,,,,,,,,,,,,,,,,,,,,,,,,,,,,,,,,,,,,,,,,,,,,,,,,,,,,,,,,,,
001V2KGAFRFW0H9NYW,false,,"Clean Sweep Hydroblasting, Inc.",,,,,West Palm Beach,Florida,,United States,,,,,,,,,,,,,,(561) 793-1509,https://cleansweephydroblasting.com,,,,,,,2022-08-13 00:00:00,,,,,,,,,,,,,,,,,,Referral,,,,,,,,,,,,,,,,,,,,,,,,,,,,,,,,,,,,,,,,,www.cleansweephydroblasting.com,,,,,,,,,,,,,,,,,,,,,,,,,,,,,,,,,,,,,,,,,,,,,,,,,,,,,,,,,,,,,,,,,,,,,,,,,,,,,https://cleansweephydroblasting.com,"Clean Sweep Hydroblasting, Inc.",1996,West Palm Beach,Florida,561-793-1509,,,,,,,,,,,,,,,,,,,,,,,,,,,,,,,,,,,,,,,,,,,,,,,,,,,,,,,,,,,,,,,,,,,,,,,,,,,,,,,,,,,,,,,,,,,,,,
0011FXJTYDFUI7WAAN,false,,J & J Services LLC,,,,,Liberal,Kansas,,United States,,,,,,,,,,,,,,620-624-4637,https://portabletoiletskansas.com,,,,,,,2022-03-13 00:00:00,,,,,,,,,,,,,,,,,,Website,,,,,,,,,,,,,,,,,,,,,,,,,,,,,,,,,,,,,,,,,portabletoiletskansas.com,,,,,,,,,,,,,,,,,,,,,,,,,,,,,,,,,,,,,,,,,,,,,,,,,,,,,,,,,,,,,,,,,,,,,,,,,,,,,https://portabletoiletskansas.com,"J & J Services, LLC",1983,Liberal,Kansas,+16206244637,,,,,,,,,,,,,,,,,,,,,,,,,,,,,,,,,,,,,,,,,,,,,,,,,,,,,,,,,,,,,,,,,,,,,,,,,,,,,,,,,,,,,,,,,,,,,,
001Q5GU34HJ6DN94SH,false,,Neighborly Assetco dba Neighborly Co,,,,,Waco,Texas,,United States,,,,,,,,,,,,,,(855) 217-8437,https://neighborly.com,,,,,,,2022-04-13 00:00:00,,,,,,,,,,,,,,,,,,SourceScrub,,,,,,,,,,,,,,,,,,,,,,,,,,,,,,,,,,,,,,,,,neighborly.com,,,,,,,,,,,,,,,,,,,,,,,,,,,,,,,,,,,,,,,,,,,,,,,,,,,,,,,,,,,,,,,,,,,,,,,,,,,,,https://neighborly.com,,2012,Waco,Texas,+18552178437,,,,,,,,,,,,,,,,,,,,,,,,,,,,,,,,,,,,,,,,,,,,,,,,,,,,,,,,,,,,,,,,,,,,,,,,,,,,,,,,,,,,,,,,,,,,,,
001FLSXWZ7JPC5XGX3,false,,"Centre Du Sport Alary, Inc.",,,,,Saint-Jerome,Quebec,,Canada,,,,,,,,,,,,,,(866) 436-2242,https://alarysport.com,,,,,,,2022-09-19 00:00:00,,,,,,,,,,,,,,,,,,SourceScrub,,,,,,,,,,,,,,,,,,,,,,,,,,,,,,,,,,,,,,,,,alarysport.com,,,,,,,,,,,,,,,,,,,,,,,,,,,,,,,,,,,,,,,,,,,,,,,,,,,,,,,,,,,,,,,,,,,,,,,,,,,,,https://alarysport.com,"Centre Du Sport Alary, Inc.",1970,Saint-Jerome,Quebec,+18664362242,,,,,,,,,,,,,,,,,,,,,,,,,,,,,,,,,,,,,,,,,,,,,,,,,,,,,,,,,,,,,,PB979934,,,,,,,,,,,,,,,,,,,,,,,,,,,,,,,,
001ZQ3ABUUD0VKFBJN,false,,Nixon Peabody Trust Co.,,,,,Boston,Massachusetts,,United States,,,,,,,,,,,,,,+16173451309,,,,286,,,,2022-06-16 00:00:00,,,,,,,,,,,,,,,,,,Referral,,,,,,,,,,,,,,,,,,,,,,,,,,,,,,,,,,,,,,,,,www.nixonpeabodytrustcompany.com,,,,,,,,,,,,,,,,,,,,,,,,,,,,,,,,,,,,,,,,,,,,,,,,,,,,,,,,,,,,,,,,,,,,,,,,,,,,,https://nixonpeabodytrustcompany.com,Nixon Peabody Trust Co.,2019,Boston,Massachusetts,+16173451309,,,,,,,,,,,,,,,,,,,,,,,,,,,,,,,,,,,,,,,,,,,,,,,,,,,,,,,,,,,,,,,,,,,,,,,,,,,,,,,,,,,,,,,,,,,,,,
001E2VUO4HXJVODL29,false,,"Crestline Transportation, Inc.",,,,,Shady Cove,Oregon,,United States,,,,,,,,,,,,,,541-878-3467,https://crestlinetrans.com,,,173,,,,2022-04-12 00:00:00,,,,,,,,,,,,,,,,,,SourceScrub,,,,,,,,,,,,,,,,,,,,,,,,,,,,,,,,,,,,,,,,,crestlinetrans.com,,,,,,,,,,,,,,,,,,,,,,,,,,,,,,,,,,,,,,,,,,,,,,,,,,,,,,,,,,,,,,,,,,,,,,,,,,,,,,,,,,,,,,,,,,,,,,,,,,,,,,,,,,,,,,,,,,,,,,,,,,,,,,,,,,,,,,,,,,,,,,,,,,,,,,,,,,,,,,,,,,,,,,,,,,,,,,,,
0018H6F0E2I696H6G3,false,,City of Brea,,,,,Brea,California,,United States,,,,,,,,,,,,,,(714) 990-7600,https://ci.brea.ca.us,,,209,,,,2022-08-11 00:00:00,,,,,,,,,,,,,,,,,,Website,,,,,,,,,,,,,,,,,,,,,,,,,,,,,,,,,,,,,,,,,ci.brea.ca.us,,,,,,,,,,,,,,,,,,,,,,,,,,,,,,,,,,,,,,,,,,,,,,,,,,,,,,,,,,,,,,,,,,,,,,,,,,,,,https://ci.brea.ca.us,City of Brea,1917,Brea,California,714-990-7600,,,,,,,,,,,,,,,,,,,,,,,,,,,,,,,,,,,,,,,,,,,,,,,,,,,,,,,,,,,,,,,,,,,,,,,,,,,,,,,,,,,,,,,,,,,,,,
001DQRYZDAE00WQGOT,false,,"NATIONAL ALLIANCE FOR YOUTH SPORTS, INC (NAYS)",,,,,West Palm Beach,Florida,,United States,,,,,,,,,,,,,,+18006885437,https://nays.org,,,37,,,,2022-07-17 00:00:00,,,,,,,,,,,,,,,,,,Website,,,,,,,,,,,,,,,,,,,,,,,,,,,,,,,,,,,,,,,,,nays.org,,,,,,,,,,,,,,,,,,,,,,,,,,,,,,,,,,,,,,,,,,,,,,,,,,,,,,,,,,,,,,,,,,,,,,,,,,,,,https://nays.org,"National Alliance for Youth Sports, Inc (NAYS)",1981,West Palm Beach,Florida,+18006885437,,,,,,,,,,,,,,,,,,,,,,,,,,,,,,,,,,,,,,,,,,,,,,,,,,,,,,,,,,,,,,,,,,,,,,,,,,,,,,,,,,,,,,,,,,,,,,
001GXSPJETVX6PW9ZV,false,,"Plastic Components, Inc.",,,,,Germantown,Wisconsin,,United States,,,,,,,,,,,,,,(877) 253-1496,https://plasticcomponents.com,,,180,,,,2022-08-18 00:00:00,,,,,,,,,,,,,,,,,,Referral,,,,,,,,,,,,,,,,,,,,,,,,,,,,,,,,,,,,,,,,,plasticcomponents.com,,,,,,,,,,,,,,,,,,,,,,,,,,,,,,,,,,,,,,,,,,,,,,,,,,,,,,,,,,,,,,,,,,,,,,,,,,,,,https://plasticcomponents.com,"Plastic Components, Inc.",1989,Germantown,Wisconsin,+18772531496,,,,,,,,,,,,,,,,,,,,,,,,,,,,,,,,,,,,,,,,,,,,,,,,,,,,,,,,,,,,,,,,,,,,,,,,,,,,,,,,,,,,,,,,,,,,,,
001W5EWNOERLAQRECM,false,,Dorado Industrial Group,,,,,Phoenix,Arizona,,United States,,,,,,,,,,,,,,(749) 391-2601,https://doradoindustrial.com,,,,,,,2023-06-10 00:00:00,,,,,,,,,,,,,,,,,,,,,,,,,,,,,,,,,,,,,,,,,,,,,,,,,,,,,,,,,,,doradoindustrial.com,,,,,,,,,,,,,,,,,,,,,,,,,,,,,,,,,,,,,,,,,,,,,,,,,,,,,,,,,,,,,,,,,,,,,,,,,,,,,https://doradoindustrial.com,Dorado Industrial Group,2014,Phoenix,Arizona,(749) 391-2601,,,,,,,,,,,,,,,,,,,,,,,,,,,,,,,,,,,,,,,,,,,,,,,,,,,,,,,,,,,,,,,,,,,,,,,,,,,,,,,,,,,,,,,,,,,,,,
001M0LDGWC0AAT9ATZ,false,,Dream Vision Basketball,,,,,San Juan Capistrano,California,,United States,,,,,,,,,,,,,,,https://www.dreamvisionbasketball.com,,,448,,,,2022-04-12 00:00:00,,,,,,,,,,,,,,,,,,,,,,,,,,,,,,,,,,,,,,,,,,,,,,,,,,,,,,,,,,,dreamvisionbasketball.com,,,,,,,,,,,,,,,,,,,,,,,,,,,,,,,,,,,,,,,,,,,,,,,,,,,,,,,,,,,,,,,,,,,,,,,,,,,,,https://dreamvisionbasketball.com,,2006,San Juan Capistrano,California,,,,,,,,,,,,,,,,,,,,,,,,,,,,,,,,,,,,,,,,,,,,,,,,,,,,,,,,,,,,,,,,,,,,,,,,,,,,,,,,,,,,,,,,,,,,,,,
001MT2G4UXQYHX4YK2,false,,Grays Harbor County,,,,,Montesano,Washington,,United States,,,,,,,,,,,,,,(360) 249-3731,https://graysharbor.us,,,,,,,2022-04-10 00:00:00,,,,,,,,,,,,,,,,,,Website,,,,,,,,,,,,,,,,,,,,,,,,,,,,,,,,,,,,,,,,,graysharbor.us,,,,,,,,,,,,,,,,,,,,,,,,,,,,,,,,,,,,,,,,,,,,,,,,,,,,,,,,,,,,,,,,,,,,,,,,,,,,,https://graysharbor.us,,1854,Montesano,Washington,360-249-3731,,,,,,,,,,,,,,,,,,,,,,,,,,,,,,,,,,,,,,,,,,,,,,,,,,,,,,,,,,,,,,PB527160,,,,,,,,,,,,,,,,,,,,,,,,,,,,,,,,
0017QTUACOJS106XDI,false,,"Blue Egg Advisory, LLC ",,,,,Boulder,Colorado,,United States,,,,,,,,,,,,,,,https://blueeggadvisory.com,,,275,,,,2022-01-10 00:00:00,,,,,,,,,,,,,,,,,,Referral,,,,,,,,,,,,,,,,,,,,,,,,,,,,,,,,,,,,,,,,,blueeggadvisory.com,,,,,,,,,,,,,,,,,,,,,,,,,,,,,,,,,,,,,,,,,,,,,,,,,,,,,,,,,,,,,,,,,,,,,,,,,,,,,https://blueeggadvisory.com,"Blue Egg Advisory, LLC",2014,Boulder,Colorado,,,,,,,,,,,,,,,,,,,,,,,,,,,,,,,,,,,,,,,,,,,,,,,,,,,,,,,,,,,,,,,,,,,,,,,,,,,,,,,,,,,,,,,,,,,,,,,
001EVIAMR8AUBNUUB5,false,,Sylvan Dale Guest Ranch,,,,,Loveland,Colorado,,United States,,,,,,,,,,,,,,970-667-3915,https://sylvandale.com,,,,,,,2022-07-10 00:00:00,,,,,,,,,,,,,,,,,,SourceScrub,,,,,,,,,,,,,,,,,,,,,,,,,,,,,,,,,,,,,,,,,www.sylvandale.com,,,,,,,,,,,,,,,,,,,,,,,,,,,,,,,,,,,,,,,,,,,,,,,,,,,,,,,,,,,,,,,,,,,,,,,,,,,,,https://sylvandale.com,Sylvan Dale Guest Ranch,1946,Loveland,Colorado,+19706673915,,,,,,,,,,,,,,,,,,,,,,,,,,,,,,,,,,,,,,,,,,,,,,,,,,,,,,,,,,,,,,,,,,,,,,,,,,,,,,,,,,,,,,,,,,,,,,
0011XO5CV0XZMAS6EN,false,,"Automation Specialists, Inc. ",,,,,Holland,Michigan,,United States,,,,,,,,,,,,,,(616) 738-8288,https://automationspecialistsinc.com,,,,,,,2022-08-13 00:00:00,,,,,,,,,,,,,,,,,,Referral,,,,,,,,,,,,,,,,,,,,,,,,,,,,,,,,,,,,,,,,,automationspecialistsinc.com,,,,,,,,,,,,,,,,,,,,,,,,,,,,,,,,,,,,,,,,,,,,,,,,,,,,,,,,,,,,,,,,,,,,,,,,,,,,,https://automationspecialistsinc.com,,1995,Holland,Michigan,+16167388288,,,,,,,,,,,,,,,,,,,,,,,,,,,,,,,,,,,,,,,,,,,,,,,,,,,,,,,,,,,,,,PB792376,,,,,,,,,,,,,,,,,,,,,,,,,,,,,,,,
00148AY13F2LOGQOCH,false,,Encore Labs,,,,,Pasadena,California,,United States,,,,,,,,,,,,,,+16266963086,https://encorelabs.com,,,499,,,,2022-01-14 00:00:00,,,,,,,,,,,,,,,,,,,,,,,,,,,,,,,,,,,,,,,,,,,,,,,,,,,,,,,,,,,www.encorelabs.com,,,,,,,,,,,,,,,,,,,,,,,,,,,,,,,,,,,,,,,,,,,,,,,,,,,,,,,,,,,,,,,,,,,,,,,,,,,,,https://encorelabs.com,"Encore Labs, LLC",2017,Pasadena,California,626-696-3086,,,,,,,,,,,,,,,,,,,,,,,,,,,,,,,,,,,,,,,,,,,,,,,,,,,,,,,,,,,,,,,,,,,,,,,,,,,,,,,,,,,,,,,,,,,,,,
001EH1W9PYM3SWP1CR,false,,"CHAMPLAIN VALLEY ORGANICS, LLC DBA VERMONT PURE CBD",,,,,Shoreham,Vermont,,United States,,,,,,,,,,,,,,(802) 282-3058,https://www.vermontpurecbd.com,,,286,,,,2022-02-13 00:00:00,,,,,,,,,,,,,,,,,,Referral,,,,,,,,,,,,,,,,,,,,,,,,,,,,,,,,,,,,,,,,,www.vermontpurecbd.com,,,,,,,,,,,,,,,,,,,,,,,,,,,,,,,,,,,,,,,,,,,,,,,,,,,,,,,,,,,,,,,,,,,,,,,,,,,,,https://vermontpurecbd.com,"Champlain Valley Organics, LLC dba Vermont Pure CBD",2017,Shoreham,Vermont,802-282-3058,,,,,,,,,,,,,,,,,,,,,,,,,,,,,,,,,,,,,,,,,,,,,,,,,,,,,,,,,,,,,,,,,,,,,,,,,,,,,,,,,,,,,,,,,,,,,,
0018EYGPNNHCCFS4GI,false,,"AMS Caregivers, Inc.",,,,,Emmaus,Pennsylvania,,United States,,,,,,,,,,,,,,+16109667033,https://amscaregivers.com,,,26,,,,2022-07-14 00:00:00,,,,,,,,,,,,,,,,,,SourceScrub,,,,,,,,,,,,,,,,,,,,,,,,,,,,,,,,,,,,,,,,,amscaregivers.com,,,,,,,,,,,,,,,,,,,,,,,,,,,,,,,,,,,,,,,,,,,,,,,,,,,,,,,,,,,,,,,,,,,,,,,,,,,,,https://amscaregivers.com,"AMS Caregivers, Inc.",1997,Emmaus,Pennsylvania,+16109667033,,,,,,,,,,,,,,,,,,,,,,,,,,,,,,,,,,,,,,,,,,,,,,,,,,,,,,,,,,,,,,,,,,,,,,,,,,,,,,,,,,,,,,,,,,,,,,
0012L1ITBHJAITJ6WG,false,,Bateman Laboratories Inc.,,,,,Toronto,Ontario,,Canada,,,,,,,,,,,,,,(942) 573-8417,https://batemanlabs.ca,,,,,,,2023-07-15 00:00:00,,,,,,,,,,,,,,,,,,SourceScrub,,,,,,,,,,,,,,,,,,,,,,,,,,,,,,,,,,,,,,,,,batemanlabs.ca,,,,,,,,,,,,,,,,,,,,,,,,,,,,,,,,,,,,,,,,,,,,,,,,,,,,,,,,,,,,,,,,,,,,,,,,,,,,,https://batemanlabs.ca,Bateman Laboratories Inc.,1993,Toronto,Ontario,(942) 573-8417,,,,,,,,,,,,,,,,,,,,,,,,,,,,,,,,,,,,,,,,,,,,,,,,,,,,,,,,,,,,,,,,,,,,,,,,,,,,,,,,,,,,,,,,,,,,,,
001JM05Z2V7FKXUXET,false,,"Retirement Strategies Group, LLC (RSG) ",,,,,New Orleans,Louisiana,,United States,,,,,,,,,,,,,,(504) 712-0005,https://www.rsgweb.com,,,108,,,,2022-09-16 00:00:00,,,,,,,,,,,,,,,,,,Website,,,,,,,,,,,,,,,,,,,,,,,,,,,,,,,,,,,,,,,,,www.rsgweb.com,,,,,,,,,,,,,,,,,,,,,,,,,,,,,,,,,,,,,,,,,,,,,,,,,,,,,,,,,,,,,,,,,,,,,,,,,,,,,https://rsgweb.com,"Retirement Strategies Group, LLC (RSG)",1999,New Orleans,Louisiana,504-712-0005,,,,,,,,,,,,,,,,,,,,,,,,,,,,,,,,,,,,,,,,,,,,,,,,,,,,,,,,,,,,,,,,,,,,,,,,,,,,,,,,,,,,,,,,,,,,,,
0015CWGW9UHCPQWM2B,false,,"Apex Tool Company, Inc",,,,,Columbus,Indiana,,United States,,,,,,,,,,,,,,812-579-5478,https://apexinds.com,,,150,,,,2022-02-11 00:00:00,,,,,,,,,,,,,,,,,,Referral,,,,,,,,,,,,,,,,,,,,,,,,,,,,,,,,,,,,,,,,,apexinds.com,,,,,,,,,,,,,,,,,,,,,,,,,,,,,,,,,,,,,,,,,,,,,,,,,,,,,,,,,,,,,,,,,,,,,,,,,,,,,https://apexinds.com,"Apex Tool Company, Inc",1975,Columbus,Indiana,812-579-5478,,,,,,,,,,,,,,,,,,,,,,,,,,,,,,,,,,,,,,,,,,,,,,,,,,,,,,,,,,,,,,PB629484,,,,,,,,,,,,,,,,,,,,,,,,,,,,,,,,
